execucao_em,marca,etapa,rotulo_etapa,total,autonomos,score
2026-09-23T15:00:45.645381+00:00,Alpha Moda,agendamento_coleta,Agendamento da coleta,66,62,93.9
2026-09-23T15:00:45.645381+00:00,Alpha Moda,atualizacao_status,Atualização do status,80,77,96.2
2026-09-23T15:00:45.645381+00:00,Alpha Moda,recebimento_po,Recebimento/confirmação do PO,93,87,93.5
2026-09-23T15:00:45.645381+00:00,Alpha Moda,upload_nf,Upload da nota fiscal,72,68,94.4
2026-09-23T15:00:45.645381+00:00,Bravo Casa,agendamento_coleta,Agendamento da coleta,55,47,85.5
2026-09-23T15:00:45.645381+00:00,Bravo Casa,atualizacao_status,Atualização do status,80,63,78.8
2026-09-23T15:00:45.645381+00:00,Bravo Casa,recebimento_po,Recebimento/confirmação do PO,92,75,81.5
2026-09-23T15:00:45.645381+00:00,Bravo Casa,upload_nf,Upload da nota fiscal,69,58,84.1
2026-09-23T15:00:45.645381+00:00,Cedro Kids,agendamento_coleta,Agendamento da coleta,54,31,57.4
2026-09-23T15:00:45.645381+00:00,Cedro Kids,atualizacao_status,Atualização do status,68,43,63.2
2026-09-23T15:00:45.645381+00:00,Cedro Kids,recebimento_po,Recebimento/confirmação do PO,75,48,64.0
2026-09-23T15:00:45.645381+00:00,Cedro Kids,upload_nf,Upload da nota fiscal,62,35,56.5
2026-09-23T15:00:45.645381+00:00,Delta Sports,agendamento_coleta,Agendamento da coleta,64,26,40.6
2026-09-23T15:00:45.645381+00:00,Delta Sports,atualizacao_status,Atualização do status,80,39,48.8
2026-09-23T15:00:45.645381+00:00,Delta Sports,recebimento_po,Recebimento/confirmação do PO,90,42,46.7
2026-09-23T15:00:45.645381+00:00,Delta Sports,upload_nf,Upload da nota fiscal,71,32,45.1
2026-09-23T15:00:45.645381+00:00,Eterna Beleza,agendamento_coleta,Agendamento da coleta,53,18,34.0
2026-09-23T15:00:45.645381+00:00,Eterna Beleza,atualizacao_status,Atualização do status,67,12,17.9
2026-09-23T15:00:45.645381+00:00,Eterna Beleza,recebimento_po,Recebimento/confirmação do PO,80,20,25.0
2026-09-23T15:00:45.645381+00:00,Eterna Beleza,upload_nf,Upload da nota fiscal,59,14,23.7
2026-09-23T15:00:45.645381+00:00,Fluxo Denim,agendamento_coleta,Agendamento da coleta,61,45,73.8
2026-09-23T15:00:45.645381+00:00,Fluxo Denim,atualizacao_status,Atualização do status,78,57,73.1
2026-09-23T15:00:45.645381+00:00,Fluxo Denim,recebimento_po,Recebimento/confirmação do PO,87,70,80.5
2026-09-23T15:00:45.645381+00:00,Fluxo Denim,upload_nf,Upload da nota fiscal,69,48,69.6
2026-09-24T11:04:35.996357+00:00,Alpha Moda,agendamento_coleta,Agendamento da coleta,65,61,93.8
2026-09-24T11:04:35.996357+00:00,Alpha Moda,atualizacao_status,Atualização do status,82,81,98.8
2026-09-24T11:04:35.996357+00:00,Alpha Moda,recebimento_po,Recebimento/confirmação do PO,95,90,94.7
2026-09-24T11:04:35.996357+00:00,Alpha Moda,upload_nf,Upload da nota fiscal,71,67,94.4
2026-09-24T11:04:35.996357+00:00,Bravo Casa,agendamento_coleta,Agendamento da coleta,58,50,86.2
2026-09-24T11:04:35.996357+00:00,Bravo Casa,atualizacao_status,Atualização do status,77,62,80.5
2026-09-24T11:04:35.996357+00:00,Bravo Casa,recebimento_po,Recebimento/confirmação do PO,88,68,77.3
2026-09-24T11:04:35.996357+00:00,Bravo Casa,upload_nf,Upload da nota fiscal,67,55,82.1
2026-09-24T11:04:35.996357+00:00,Cedro Kids,agendamento_coleta,Agendamento da coleta,54,29,53.7
2026-09-24T11:04:35.996357+00:00,Cedro Kids,atualizacao_status,Atualização do status,68,45,66.2
2026-09-24T11:04:35.996357+00:00,Cedro Kids,recebimento_po,Recebimento/confirmação do PO,77,46,59.7
2026-09-24T11:04:35.996357+00:00,Cedro Kids,upload_nf,Upload da nota fiscal,62,36,58.1
2026-09-24T11:04:35.996357+00:00,Delta Sports,agendamento_coleta,Agendamento da coleta,59,24,40.7
2026-09-24T11:04:35.996357+00:00,Delta Sports,atualizacao_status,Atualização do status,74,38,51.4
2026-09-24T11:04:35.996357+00:00,Delta Sports,recebimento_po,Recebimento/confirmação do PO,84,36,42.9
2026-09-24T11:04:35.996357+00:00,Delta Sports,upload_nf,Upload da nota fiscal,67,31,46.3
2026-09-24T11:04:35.996357+00:00,Eterna Beleza,agendamento_coleta,Agendamento da coleta,55,19,34.5
2026-09-24T11:04:35.996357+00:00,Eterna Beleza,atualizacao_status,Atualização do status,69,13,18.8
2026-09-24T11:04:35.996357+00:00,Eterna Beleza,recebimento_po,Recebimento/confirmação do PO,82,19,23.2
2026-09-24T11:04:35.996357+00:00,Eterna Beleza,upload_nf,Upload da nota fiscal,60,15,25.0
2026-09-24T11:04:35.996357+00:00,Fluxo Denim,agendamento_coleta,Agendamento da coleta,61,44,72.1
2026-09-24T11:04:35.996357+00:00,Fluxo Denim,atualizacao_status,Atualização do status,78,55,70.5
2026-09-24T11:04:35.996357+00:00,Fluxo Denim,recebimento_po,Recebimento/confirmação do PO,89,69,77.5
2026-09-24T11:04:35.996357+00:00,Fluxo Denim,upload_nf,Upload da nota fiscal,69,48,69.6
2026-09-25T11:04:31.303316+00:00,Alpha Moda,agendamento_coleta,Agendamento da coleta,71,66,93.0
2026-09-25T11:04:31.303316+00:00,Alpha Moda,atualizacao_status,Atualização do status,87,86,98.9
2026-09-25T11:04:31.303316+00:00,Alpha Moda,recebimento_po,Recebimento/confirmação do PO,99,94,94.9
2026-09-25T11:04:31.303316+00:00,Alpha Moda,upload_nf,Upload da nota fiscal,77,73,94.8
2026-09-25T11:04:31.303316+00:00,Bravo Casa,agendamento_coleta,Agendamento da coleta,56,48,85.7
2026-09-25T11:04:31.303316+00:00,Bravo Casa,atualizacao_status,Atualização do status,73,58,79.5
2026-09-25T11:04:31.303316+00:00,Bravo Casa,recebimento_po,Recebimento/confirmação do PO,85,66,77.6
2026-09-25T11:04:31.303316+00:00,Bravo Casa,upload_nf,Upload da nota fiscal,64,50,78.1
2026-09-25T11:04:31.303316+00:00,Cedro Kids,agendamento_coleta,Agendamento da coleta,52,30,57.7
2026-09-25T11:04:31.303316+00:00,Cedro Kids,atualizacao_status,Atualização do status,65,42,64.6
2026-09-25T11:04:31.303316+00:00,Cedro Kids,recebimento_po,Recebimento/confirmação do PO,75,43,57.3
2026-09-25T11:04:31.303316+00:00,Cedro Kids,upload_nf,Upload da nota fiscal,59,33,55.9
2026-09-25T11:04:31.303316+00:00,Delta Sports,agendamento_coleta,Agendamento da coleta,60,23,38.3
2026-09-25T11:04:31.303316+00:00,Delta Sports,atualizacao_status,Atualização do status,77,44,57.1
2026-09-25T11:04:31.303316+00:00,Delta Sports,recebimento_po,Recebimento/confirmação do PO,85,35,41.2
2026-09-25T11:04:31.303316+00:00,Delta Sports,upload_nf,Upload da nota fiscal,69,33,47.8
2026-09-25T11:04:31.303316+00:00,Eterna Beleza,agendamento_coleta,Agendamento da coleta,54,17,31.5
2026-09-25T11:04:31.303316+00:00,Eterna Beleza,atualizacao_status,Atualização do status,69,14,20.3
2026-09-25T11:04:31.303316+00:00,Eterna Beleza,recebimento_po,Recebimento/confirmação do PO,83,20,24.1
2026-09-25T11:04:31.303316+00:00,Eterna Beleza,upload_nf,Upload da nota fiscal,59,13,22.0
2026-09-25T11:04:31.303316+00:00,Fluxo Denim,agendamento_coleta,Agendamento da coleta,62,45,72.6
2026-09-25T11:04:31.303316+00:00,Fluxo Denim,atualizacao_status,Atualização do status,76,55,72.4
2026-09-25T11:04:31.303316+00:00,Fluxo Denim,recebimento_po,Recebimento/confirmação do PO,88,66,75.0
2026-09-25T11:04:31.303316+00:00,Fluxo Denim,upload_nf,Upload da nota fiscal,72,48,66.7
2026-09-26T11:04:29.229747+00:00,Alpha Moda,agendamento_coleta,Agendamento da coleta,71,66,93.0
2026-09-26T11:04:29.229747+00:00,Alpha Moda,atualizacao_status,Atualização do status,85,84,98.8
2026-09-26T11:04:29.229747+00:00,Alpha Moda,recebimento_po,Recebimento/confirmação do PO,97,92,94.8
2026-09-26T11:04:29.229747+00:00,Alpha Moda,upload_nf,Upload da nota fiscal,77,73,94.8
2026-09-26T11:04:29.229747+00:00,Bravo Casa,agendamento_coleta,Agendamento da coleta,59,52,88.1
2026-09-26T11:04:29.229747+00:00,Bravo Casa,atualizacao_status,Atualização do status,75,60,80.0
2026-09-26T11:04:29.229747+00:00,Bravo Casa,recebimento_po,Recebimento/confirmação do PO,87,66,75.9
2026-09-26T11:04:29.229747+00:00,Bravo Casa,upload_nf,Upload da nota fiscal,66,51,77.3
2026-09-26T11:04:29.229747+00:00,Cedro Kids,agendamento_coleta,Agendamento da coleta,51,30,58.8
2026-09-26T11:04:29.229747+00:00,Cedro Kids,atualizacao_status,Atualização do status,67,43,64.2
2026-09-26T11:04:29.229747+00:00,Cedro Kids,recebimento_po,Recebimento/confirmação do PO,77,45,58.4
2026-09-26T11:04:29.229747+00:00,Cedro Kids,upload_nf,Upload da nota fiscal,60,34,56.7
2026-09-26T11:04:29.229747+00:00,Delta Sports,agendamento_coleta,Agendamento da coleta,62,24,38.7
2026-09-26T11:04:29.229747+00:00,Delta Sports,atualizacao_status,Atualização do status,79,43,54.4
2026-09-26T11:04:29.229747+00:00,Delta Sports,recebimento_po,Recebimento/confirmação do PO,88,35,39.8
2026-09-26T11:04:29.229747+00:00,Delta Sports,upload_nf,Upload da nota fiscal,70,33,47.1
2026-09-26T11:04:29.229747+00:00,Eterna Beleza,agendamento_coleta,Agendamento da coleta,56,17,30.4
2026-09-26T11:04:29.229747+00:00,Eterna Beleza,atualizacao_status,Atualização do status,70,14,20.0
2026-09-26T11:04:29.229747+00:00,Eterna Beleza,recebimento_po,Recebimento/confirmação do PO,83,21,25.3
2026-09-26T11:04:29.229747+00:00,Eterna Beleza,upload_nf,Upload da nota fiscal,61,16,26.2
2026-09-26T11:04:29.229747+00:00,Fluxo Denim,agendamento_coleta,Agendamento da coleta,59,43,72.9
2026-09-26T11:04:29.229747+00:00,Fluxo Denim,atualizacao_status,Atualização do status,71,49,69.0
2026-09-26T11:04:29.229747+00:00,Fluxo Denim,recebimento_po,Recebimento/confirmação do PO,84,60,71.4
2026-09-26T11:04:29.229747+00:00,Fluxo Denim,upload_nf,Upload da nota fiscal,68,46,67.6
2026-09-27T11:04:36.487281+00:00,Alpha Moda,agendamento_coleta,Agendamento da coleta,68,63,92.6
2026-09-27T11:04:36.487281+00:00,Alpha Moda,atualizacao_status,Atualização do status,83,82,98.8
2026-09-27T11:04:36.487281+00:00,Alpha Moda,recebimento_po,Recebimento/confirmação do PO,95,90,94.7
2026-09-27T11:04:36.487281+00:00,Alpha Moda,upload_nf,Upload da nota fiscal,75,72,96.0
2026-09-27T11:04:36.487281+00:00,Bravo Casa,agendamento_coleta,Agendamento da coleta,63,54,85.7
2026-09-27T11:04:36.487281+00:00,Bravo Casa,atualizacao_status,Atualização do status,80,66,82.5
2026-09-27T11:04:36.487281+00:00,Bravo Casa,recebimento_po,Recebimento/confirmação do PO,93,71,76.3
2026-09-27T11:04:36.487281+00:00,Bravo Casa,upload_nf,Upload da nota fiscal,70,57,81.4
2026-09-27T11:04:36.487281+00:00,Cedro Kids,agendamento_coleta,Agendamento da coleta,54,35,64.8
2026-09-27T11:04:36.487281+00:00,Cedro Kids,atualizacao_status,Atualização do status,69,42,60.9
2026-09-27T11:04:36.487281+00:00,Cedro Kids,recebimento_po,Recebimento/confirmação do PO,80,48,60.0
2026-09-27T11:04:36.487281+00:00,Cedro Kids,upload_nf,Upload da nota fiscal,63,37,58.7
2026-09-27T11:04:36.487281+00:00,Delta Sports,agendamento_coleta,Agendamento da coleta,62,23,37.1
2026-09-27T11:04:36.487281+00:00,Delta Sports,atualizacao_status,Atualização do status,82,44,53.7
2026-09-27T11:04:36.487281+00:00,Delta Sports,recebimento_po,Recebimento/confirmação do PO,91,37,40.7
2026-09-27T11:04:36.487281+00:00,Delta Sports,upload_nf,Upload da nota fiscal,71,35,49.3
2026-09-27T11:04:36.487281+00:00,Eterna Beleza,agendamento_coleta,Agendamento da coleta,54,16,29.6
2026-09-27T11:04:36.487281+00:00,Eterna Beleza,atualizacao_status,Atualização do status,67,14,20.9
2026-09-27T11:04:36.487281+00:00,Eterna Beleza,recebimento_po,Recebimento/confirmação do PO,79,21,26.6
2026-09-27T11:04:36.487281+00:00,Eterna Beleza,upload_nf,Upload da nota fiscal,60,17,28.3
2026-09-27T11:04:36.487281+00:00,Fluxo Denim,agendamento_coleta,Agendamento da coleta,55,40,72.7
2026-09-27T11:04:36.487281+00:00,Fluxo Denim,atualizacao_status,Atualização do status,68,48,70.6
2026-09-27T11:04:36.487281+00:00,Fluxo Denim,recebimento_po,Recebimento/confirmação do PO,80,57,71.2
2026-09-27T11:04:36.487281+00:00,Fluxo Denim,upload_nf,Upload da nota fiscal,64,42,65.6
2026-09-28T11:05:21.657449+00:00,Alpha Moda,agendamento_coleta,Agendamento da coleta,70,65,92.9
2026-09-28T11:05:21.657449+00:00,Alpha Moda,atualizacao_status,Atualização do status,86,85,98.8
2026-09-28T11:05:21.657449+00:00,Alpha Moda,recebimento_po,Recebimento/confirmação do PO,97,91,93.8
2026-09-28T11:05:21.657449+00:00,Alpha Moda,upload_nf,Upload da nota fiscal,77,74,96.1
2026-09-28T11:05:21.657449+00:00,Bravo Casa,agendamento_coleta,Agendamento da coleta,61,53,86.9
2026-09-28T11:05:21.657449+00:00,Bravo Casa,atualizacao_status,Atualização do status,78,65,83.3
2026-09-28T11:05:21.657449+00:00,Bravo Casa,recebimento_po,Recebimento/confirmação do PO,92,70,76.1
2026-09-28T11:05:21.657449+00:00,Bravo Casa,upload_nf,Upload da nota fiscal,67,54,80.6
2026-09-28T11:05:21.657449+00:00,Cedro Kids,agendamento_coleta,Agendamento da coleta,54,35,64.8
2026-09-28T11:05:21.657449+00:00,Cedro Kids,atualizacao_status,Atualização do status,70,41,58.6
2026-09-28T11:05:21.657449+00:00,Cedro Kids,recebimento_po,Recebimento/confirmação do PO,81,48,59.3
2026-09-28T11:05:21.657449+00:00,Cedro Kids,upload_nf,Upload da nota fiscal,64,37,57.8
2026-09-28T11:05:21.657449+00:00,Delta Sports,agendamento_coleta,Agendamento da coleta,59,23,39.0
2026-09-28T11:05:21.657449+00:00,Delta Sports,atualizacao_status,Atualização do status,78,41,52.6
2026-09-28T11:05:21.657449+00:00,Delta Sports,recebimento_po,Recebimento/confirmação do PO,87,36,41.4
2026-09-28T11:05:21.657449+00:00,Delta Sports,upload_nf,Upload da nota fiscal,67,34,50.7
2026-09-28T11:05:21.657449+00:00,Eterna Beleza,agendamento_coleta,Agendamento da coleta,55,16,29.1
2026-09-28T11:05:21.657449+00:00,Eterna Beleza,atualizacao_status,Atualização do status,67,14,20.9
2026-09-28T11:05:21.657449+00:00,Eterna Beleza,recebimento_po,Recebimento/confirmação do PO,78,20,25.6
2026-09-28T11:05:21.657449+00:00,Eterna Beleza,upload_nf,Upload da nota fiscal,60,16,26.7
2026-09-28T11:05:21.657449+00:00,Fluxo Denim,agendamento_coleta,Agendamento da coleta,57,41,71.9
2026-09-28T11:05:21.657449+00:00,Fluxo Denim,atualizacao_status,Atualização do status,72,50,69.4
2026-09-28T11:05:21.657449+00:00,Fluxo Denim,recebimento_po,Recebimento/confirmação do PO,84,59,70.2
2026-09-28T11:05:21.657449+00:00,Fluxo Denim,upload_nf,Upload da nota fiscal,68,45,66.2
2026-09-29T11:05:44.749229+00:00,Alpha Moda,agendamento_coleta,Agendamento da coleta,71,66,93.0
2026-09-29T11:05:44.749229+00:00,Alpha Moda,atualizacao_status,Atualização do status,87,86,98.9
2026-09-29T11:05:44.749229+00:00,Alpha Moda,recebimento_po,Recebimento/confirmação do PO,98,92,93.9
2026-09-29T11:05:44.749229+00:00,Alpha Moda,upload_nf,Upload da nota fiscal,78,75,96.2
2026-09-29T11:05:44.749229+00:00,Bravo Casa,agendamento_coleta,Agendamento da coleta,60,52,86.7
2026-09-29T11:05:44.749229+00:00,Bravo Casa,atualizacao_status,Atualização do status,80,67,83.8
2026-09-29T11:05:44.749229+00:00,Bravo Casa,recebimento_po,Recebimento/confirmação do PO,94,71,75.5
2026-09-29T11:05:44.749229+00:00,Bravo Casa,upload_nf,Upload da nota fiscal,67,52,77.6
2026-09-29T11:05:44.749229+00:00,Cedro Kids,agendamento_coleta,Agendamento da coleta,52,34,65.4
2026-09-29T11:05:44.749229+00:00,Cedro Kids,atualizacao_status,Atualização do status,69,41,59.4
2026-09-29T11:05:44.749229+00:00,Cedro Kids,recebimento_po,Recebimento/confirmação do PO,80,47,58.8
2026-09-29T11:05:44.749229+00:00,Cedro Kids,upload_nf,Upload da nota fiscal,63,37,58.7
2026-09-29T11:05:44.749229+00:00,Delta Sports,agendamento_coleta,Agendamento da coleta,57,23,40.4
2026-09-29T11:05:44.749229+00:00,Delta Sports,atualizacao_status,Atualização do status,76,39,51.3
2026-09-29T11:05:44.749229+00:00,Delta Sports,recebimento_po,Recebimento/confirmação do PO,85,34,40.0
2026-09-29T11:05:44.749229+00:00,Delta Sports,upload_nf,Upload da nota fiscal,66,34,51.5
2026-09-29T11:05:44.749229+00:00,Eterna Beleza,agendamento_coleta,Agendamento da coleta,57,16,28.1
2026-09-29T11:05:44.749229+00:00,Eterna Beleza,atualizacao_status,Atualização do status,69,14,20.3
2026-09-29T11:05:44.749229+00:00,Eterna Beleza,recebimento_po,Recebimento/confirmação do PO,79,20,25.3
2026-09-29T11:05:44.749229+00:00,Eterna Beleza,upload_nf,Upload da nota fiscal,62,17,27.4
2026-09-29T11:05:44.749229+00:00,Fluxo Denim,agendamento_coleta,Agendamento da coleta,56,42,75.0
2026-09-29T11:05:44.749229+00:00,Fluxo Denim,atualizacao_status,Atualização do status,70,50,71.4
2026-09-29T11:05:44.749229+00:00,Fluxo Denim,recebimento_po,Recebimento/confirmação do PO,82,59,72.0
2026-09-29T11:05:44.749229+00:00,Fluxo Denim,upload_nf,Upload da nota fiscal,66,43,65.2
2026-09-30T11:05:55.928133+00:00,Alpha Moda,agendamento_coleta,Agendamento da coleta,68,64,94.1
2026-09-30T11:05:55.928133+00:00,Alpha Moda,atualizacao_status,Atualização do status,84,83,98.8
2026-09-30T11:05:55.928133+00:00,Alpha Moda,recebimento_po,Recebimento/confirmação do PO,95,90,94.7
2026-09-30T11:05:55.928133+00:00,Alpha Moda,upload_nf,Upload da nota fiscal,75,73,97.3
2026-09-30T11:05:55.928133+00:00,Bravo Casa,agendamento_coleta,Agendamento da coleta,60,51,85.0
2026-09-30T11:05:55.928133+00:00,Bravo Casa,atualizacao_status,Atualização do status,79,66,83.5
2026-09-30T11:05:55.928133+00:00,Bravo Casa,recebimento_po,Recebimento/confirmação do PO,94,71,75.5
2026-09-30T11:05:55.928133+00:00,Bravo Casa,upload_nf,Upload da nota fiscal,66,52,78.8
2026-09-30T11:05:55.928133+00:00,Cedro Kids,agendamento_coleta,Agendamento da coleta,52,33,63.5
2026-09-30T11:05:55.928133+00:00,Cedro Kids,atualizacao_status,Atualização do status,69,41,59.4
2026-09-30T11:05:55.928133+00:00,Cedro Kids,recebimento_po,Recebimento/confirmação do PO,80,47,58.8
2026-09-30T11:05:55.928133+00:00,Cedro Kids,upload_nf,Upload da nota fiscal,63,36,57.1
2026-09-30T11:05:55.928133+00:00,Delta Sports,agendamento_coleta,Agendamento da coleta,59,23,39.0
2026-09-30T11:05:55.928133+00:00,Delta Sports,atualizacao_status,Atualização do status,78,40,51.3
2026-09-30T11:05:55.928133+00:00,Delta Sports,recebimento_po,Recebimento/confirmação do PO,87,34,39.1
2026-09-30T11:05:55.928133+00:00,Delta Sports,upload_nf,Upload da nota fiscal,68,34,50.0
2026-09-30T11:05:55.928133+00:00,Eterna Beleza,agendamento_coleta,Agendamento da coleta,59,16,27.1
2026-09-30T11:05:55.928133+00:00,Eterna Beleza,atualizacao_status,Atualização do status,71,14,19.7
2026-09-30T11:05:55.928133+00:00,Eterna Beleza,recebimento_po,Recebimento/confirmação do PO,81,20,24.7
2026-09-30T11:05:55.928133+00:00,Eterna Beleza,upload_nf,Upload da nota fiscal,64,18,28.1
2026-09-30T11:05:55.928133+00:00,Fluxo Denim,agendamento_coleta,Agendamento da coleta,57,42,73.7
2026-09-30T11:05:55.928133+00:00,Fluxo Denim,atualizacao_status,Atualização do status,71,51,71.8
2026-09-30T11:05:55.928133+00:00,Fluxo Denim,recebimento_po,Recebimento/confirmação do PO,83,60,72.3
2026-09-30T11:05:55.928133+00:00,Fluxo Denim,upload_nf,Upload da nota fiscal,67,44,65.7
2026-10-01T11:06:36.936603+00:00,Alpha Moda,agendamento_coleta,Agendamento da coleta,65,62,95.4
2026-10-01T11:06:36.936603+00:00,Alpha Moda,atualizacao_status,Atualização do status,81,80,98.8
2026-10-01T11:06:36.936603+00:00,Alpha Moda,recebimento_po,Recebimento/confirmação do PO,92,87,94.6
2026-10-01T11:06:36.936603+00:00,Alpha Moda,upload_nf,Upload da nota fiscal,72,70,97.2
2026-10-01T11:06:36.936603+00:00,Bravo Casa,agendamento_coleta,Agendamento da coleta,59,51,86.4
2026-10-01T11:06:36.936603+00:00,Bravo Casa,atualizacao_status,Atualização do status,78,66,84.6
2026-10-01T11:06:36.936603+00:00,Bravo Casa,recebimento_po,Recebimento/confirmação do PO,92,69,75.0
2026-10-01T11:06:36.936603+00:00,Bravo Casa,upload_nf,Upload da nota fiscal,66,51,77.3
2026-10-01T11:06:36.936603+00:00,Cedro Kids,agendamento_coleta,Agendamento da coleta,53,35,66.0
2026-10-01T11:06:36.936603+00:00,Cedro Kids,atualizacao_status,Atualização do status,69,39,56.5
2026-10-01T11:06:36.936603+00:00,Cedro Kids,recebimento_po,Recebimento/confirmação do PO,81,46,56.8
2026-10-01T11:06:36.936603+00:00,Cedro Kids,upload_nf,Upload da nota fiscal,63,37,58.7
2026-10-01T11:06:36.936603+00:00,Delta Sports,agendamento_coleta,Agendamento da coleta,58,24,41.4
2026-10-01T11:06:36.936603+00:00,Delta Sports,atualizacao_status,Atualização do status,77,38,49.4
2026-10-01T11:06:36.936603+00:00,Delta Sports,recebimento_po,Recebimento/confirmação do PO,87,34,39.1
2026-10-01T11:06:36.936603+00:00,Delta Sports,upload_nf,Upload da nota fiscal,67,32,47.8
2026-10-01T11:06:36.936603+00:00,Eterna Beleza,agendamento_coleta,Agendamento da coleta,59,17,28.8
2026-10-01T11:06:36.936603+00:00,Eterna Beleza,atualizacao_status,Atualização do status,72,14,19.4
2026-10-01T11:06:36.936603+00:00,Eterna Beleza,recebimento_po,Recebimento/confirmação do PO,81,21,25.9
2026-10-01T11:06:36.936603+00:00,Eterna Beleza,upload_nf,Upload da nota fiscal,64,18,28.1
2026-10-01T11:06:36.936603+00:00,Fluxo Denim,agendamento_coleta,Agendamento da coleta,58,42,72.4
2026-10-01T11:06:36.936603+00:00,Fluxo Denim,atualizacao_status,Atualização do status,73,54,74.0
2026-10-01T11:06:36.936603+00:00,Fluxo Denim,recebimento_po,Recebimento/confirmação do PO,85,59,69.4
2026-10-01T11:06:36.936603+00:00,Fluxo Denim,upload_nf,Upload da nota fiscal,68,46,67.6
